{"run_status": "aborted", "start_time": 1522179275.876044, "end_time": 1522192320.9310763}